,Tweet,Sentiment,Model_Sentiment,datos_reales
0,joaquÃ­n lÃ³pezdÃ³riga lopezdoriga Â· jun iba meter proceso interno morena dijo cualquiera corcholatas garantÃ­a continuidad t httpsbitlysbjy mil,2,2,2
1,animal polÃ­tico pajaropolitico Â· jun ojo pÃ¡ginas facebook promocionan â€˜ corcholatas â€™ morena cara elecciones acumulan gasto menos millones pesos anuncios amplificar contenido animalpoliticocom elecciÃ³n gastan mdp promociÃ³n corcholatas pÃ¡ginas facebook promocionan â€˜ corcholatas â€™ morena cara elecciones acumulan gasto millones pesos mil,2,2,1
2,pascal beltrandelrio Â· min previsto reglas rato â€œ definirÃ¡ â€ consejo nacional morena entrecomillo verbo definiciÃ³n hizo ysq er lugar encuesta corcholatas coordinadores bancada senadores diputados mil mostrar hilo,2,2,2
3,animal polÃ­tico pajaropolitico Â· jun hoyenanimal Â¡grr naricita elsabuesoap descubriÃ³ pÃ¡ginas facebook promocionan â€˜ corcholatas â€™ morena acumulan gasto menos millones pesos anuncios amplificar contenido animalpoliticocom elecciÃ³n gastan mdp promociÃ³n corcholatas pÃ¡ginas facebook promocionan â€˜ corcholatas â€™ morena cara elecciones acumulan gasto millones pesos mil,2,2,1
4,stephany lavalle steplavalle Â· jun amlo cenÃ³ hoy corcholatas morena amlo amloelmejorpresidentedelmundo amlovers obrador claudia marceloebrard adanaugusto noroÃ±a noroÃ±aespueblo ricardomonreal,2,0,2
5,catrina norteÃ±a catrinanortena Â· jun lamalolienteerestÃºdresser ultimÃ¡tum mebrard amlo reÃºne cenar gobernadores morena corcholatas debido ebrard quiere respetar reglas establecidas elegir candidatao presidencial t claudiashein marceloâ€¦ mostrar mil,2,0,2
6,vianey vianeicita Â· min entiendo gobernador durazo pdte consejo morena digo Ãºltimas semanas ocupado grilla corcholatas q gobernantes deberÃ­an dedicarse exclusivamente pueblo q eligiÃ³,1,0,1
7,ddc ddconfianza Â· jun ultimahora filtra video mayito delgado revelando mÃ©todo selecciÃ³n candidat presidencial morena Â¡y corcholatas soportan bueno sÃ­â€¦ mÃ­ralo compÃ¡rtelo,2,2,1
8,bere aguilar bereaguilarv Â· h llegÃ³ dÃ­a definiciones cuatro corcholatas presidenciales consejo nacional morena si bien abordarÃ¡n varios temas relevantes renuncias actuales cargos falta ver si hoy mismo resolverÃ¡ asunto crucial cÃ³mo encuesta paraâ€¦ mostrar,2,0,2
9,laura brugÃ©s laurabruges Â· jun movimiento corcholatas morena anexos va generar cascada movimientos enroques importantes gabinete amlo gubernaturas poder legislativo vamo veâ€¦ mil mostrar hilo,2,1,1
10,josÃ© dÃ­az jjdiazmachuca Â· jun lanzan cargada gobernadores morena ensangrentado mÃ©xico lÃ³pez obrador cambiÃ³ sistema tapado directo destapÃ³ cuatro corcholatas simular dedazo,2,0,1
11,luis avila luisavi Â· min ahora morena gran partido pueblo mÃ©xico favor corcholatas hagan polÃ­tica altura unidad verdadero trabajo cuiden proyecto naciÃ³n gane ambicion poder personal respetar ganado leales ideales,0,0,0
12,alfredo gonzÃ¡lez alfredolez Â· h felizdomingoâ€¦ heraldodemexico inicia pasarela corcholatas morena reporta inegi mitad jÃ³venes cdmx trabajo salario recomiendan jÃ³venes reciÃ©n egresados garantizar integridad httpbitlyubefd,2,0,0
13,grupo fÃ³rmula radioformula Â· jun Ã¡ngel Ã¡vila angelavilaprd representante prd consejo general ine explica â€˜ corcholatas â€™ morena deben dejar violar ley realizar campaÃ±as anticipadas ine poniendo lÃ­mites actividades ilegales porlamaÃ±ana mil,2,0,1
14,â«· ğ˜šğ˜’ğ˜Œğ˜“ â«¸ wonskel Â· jun pues pesar gran derrota pripanprd seguirÃ¡n juntos seguros ganaran presidencia segÃºn alito alejandro moreno marko cortes acerquen corcholatas morena pues dignos mov votomasivomorenay mil,2,1,0
15,ddc ddconfianza Â· min Â¡no esperes consejo nacional morena conocer requisitos destape corcholatas aquÃ­ mayito dice necesitan marcelo adÃ¡n ricardo noroÃ±a si claudia quieren participar comoanilloaldedo ddc,2,2,2
16,latinus latinusus Â· h consejo nacional morena determinarÃ¡ destino â€œ corcholatas â€ amlo rumbo latinus informaciÃ³nparati latinusus consejo nacional morena determinarÃ¡ destino corcholatas amlo rumbo dirigente morena mario delgado acudirÃ¡ sesiÃ³n embargo harÃ¡ calidad invitado junto militantes distinguidos mil,2,2,2
17,coordinaciÃ³n nacional redamlo redamlomx Â· h corcholatas morena claudiapresidenta httpstwittercomsheffieldgtostatusâ€¦ tweet disponible,2,0,2
18,otilia carvajal oticarvajal Â· h entrevista consejera claudia zavala presidenta comisiÃ³n quejas denuncias ine seÃ±ala corcholatas morena pueden seguir siendo investigadas actos anticipados precampaÃ±a campaÃ±a importa separen cargo mostrar hilo,2,2,1
19,neoliberalover neoliberalover Â· jun hoy puede ser noche triste morena hoy corcholatas lÃ³pez perdiendo presidencia anticipadamente parece dÃ­a comÃºn hoy mexiquenses manos destino paÃ­s si millones electores ejerciendo derechoâ€¦ mostrar mil,1,0,1
20,polÃ­tico mx politicomx Â· jun habitantes san luis potosÃ­ pidieron presidente andrÃ©s manuel lopezobrador sume lista â€œ corcholatas â€ morena politicomx piden amlo sume lista â€˜ corcholatas â€™ reelija habitantes localidad pujal pidieron amlo sume lista â€œ corcholatas â€ mil,2,0,2
21,ricardo jn ricardojn Â· jun noroÃ±a desconsolado compaÃ±ero presidente invitÃ³ cena corcholatas morena maneja cash marcelo claudia aprendiÃ³ sectarismo coahuila aunque niegue epigmenio ibarra pesadillas libertaddeexpresiÃ³n felizmiercoles,2,2,1
22,grupo fÃ³rmula radioformula Â· jun gobernadores morena corcholatas dirigencia partido tomaron foto luego reuniÃ³n presidente lopezobrador asistieron claudia sheinbaum delfina gÃ³mez layda sansores ricardo monreal mario delgado enrique hernÃ¡ndez mil,2,0,2
23,mario di costanzo mariodico Â· jun primero preguntarnos van vivir aÃ±o corcholatas morena renuncien vimos vivir â€œ pesos â€ bolsa necesariamente sinÃ³nimo honestidad mil,2,2,2
24,alejandra rey janarey Â· jun casi inicia temporada Â¿quiÃ©n creen quede succession t carrerapresidencial corcholatas morena mexico,2,0,2
25,josÃ© dÃ­az jjdiazmachuca Â· jun Â· lÃ³pez obrador va imponer dedazo presidencialismo decÃ­a cosas igual presidente lopezobrador reÃºne noche corcholatas dirigentes morena restaurante centro histÃ³rico cdmx mil,2,0,1
26,jornada lajornadaonline Â· h gobernadores partidomorenamx solo pronunciaron mayorÃ­a dijo adanaugusto aclarÃ³ esperarÃ¡ definir fecha renuncia acciones fin continuar pugna presidencia paÃ­s corcholatas jornadacommx morena â€œ cargada â€ adÃ¡n augusto lÃ³pez asegurÃ³ sÃ³lo seis gobernadores expresado pÃºblicamente simpatÃ­a sheinbaum razÃ³n â€œ mayorÃ­a varios â€ mil,2,0,2
27,melissa melissabely Â· jun corcholatas sabiendo ine harÃ¡n veda electoral pasan arco triunfo advirtiÃ³ ine dijo dirigencia morena aun asÃ­ corcholatas presidenciales desaprovechan cualquier oportunidad paraâ€¦ mostrar,1,1,1
28,polÃ­tico mx politicomx Â· jun pmx espera manuel velasco velascom acuda consejo nacional morena participarÃ¡n â€œ corcholatas â€ morena claudiashein mebrard ricardomonreala asÃ­ diputado pt fernandeznorona politicomx elecciones manuel velasco pide licencia senado buscar candidatura presidencial momento conoce licencia senador velasco encuentra inscrita servicios parlamentarios,2,0,2
29,polÃ­tico mx politicomx Â· jun mario delgado reÃºne noroÃ±a luego fernandeznorona reclamÃ³ presidente lopezobrador invitarlo cena â€˜ corcholatas â€™ lÃ­der morena invitÃ³ consejo nacional establecerÃ¡ ruta â€œ reconocimiento cariÃ±o noroÃ±aâ€¦ mostrar mil,2,2,1
30,bere aguilar bereaguilarv Â· jun carcamal insensato cÃ­nico incoherente mitÃ³mano pretende reunirse consejeros ine pedirles actÃºen imparcialidad cara Â¿quiÃ©n adelantÃ³ tiempos electorales Â¿quiÃ©n llama voto favor morena deja corcholatas hagan campaÃ±aâ€¦ mostrar mil,1,0,1
31,polÃ­tico mx politicomx Â· jun mebrard sale cÃ³nclave morenistas canciller abandono restaurante convocadas corcholatas gobernadores emanados morena minutos despuÃ©s presidente lopezobrador hizo propio camino vehÃ­culo quiso darâ€¦ mostrar mil,2,0,2
32,reporte Ã­ndigo reporteindigo Â· jun entÃ©rate bajo lluvia pie lopezobrador caminÃ³ palacio nacional restaurante zÃ³calo reunirse corcholatas dirigentes gobernadores morena mil mostrar hilo,2,0,2
33,cartoon cartÃ³n francis Â· min asÃ­ maximuscentauro cuentas presumen oposiciÃ³n promueven corcholatas proceso morena sacan encuestas ponen opciÃ³n candidatos oposiciÃ³n centauro maximuscentauro Â· h Â¿y si oposiciÃ³n ciudadana dejamos hablar proceso corcholata destapadas enfocamos falta resultados cada rubro cumpliÃ³ empeorÃ³ presimiente damos atenciÃ³n proyecto mejora candidato elegido x ciudadanos alianza,2,2,2
34,angel boligan angelboligan Â· jun sombra eluniversalmx univopinion precampaÃ±as precandidatos corcholatas morena carrera sombraimpaciente,2,0,2
35,azucena uresti azucenau Â· jun azucenaalas â€œ corcholatas â€ gobernadores dirigente morena mario delgado reÃºnen noche presidente lÃ³pez obrador restaurante dar detalles asÃ­ llegaron asistentes mil mostrar hilo,2,0,2
36,universal eluniversalmx Â· jun ningÃºn retazo morena cabida coaliciÃ³n va mÃ©xico abre puerta oportunismo afirmÃ³ marko cortÃ©s eluniversalcommx va mÃ©xico advierte aceptarÃ¡ retazos corcholatas morena marko cortÃ©s advirtiÃ³ amlo ocurra fingir pleito alguna corcholata quieran imponerlo candidato oposiciÃ³n mil,2,0,2
37,jacovich gma jacovichgma Â· jun soluciÃ³n salvar mÃ©xico cacasobrador finca chingada palenque chiapas morena autodestruirÃ¡ empiecen golpes bajos corcholatas manita joe biden presionando exhibiendo anlo cambio dirigentes pan pri prd pepesoyyo ğ”ğ”¦ğ”¤ğ”ğ”‡ğ”¢ğ”Šğ”²ğ”¢ğ”¯ğ”¯ğ”¢ğ”¯ğ”¬ğ”° pepesoyyo Â· jun saben cuÃ¡ndo mÃ©xico nuevamente derecho î¨€ğ”ğ”¦ğ”¤ğ”ğ”‡ğ”¢ğ”Šğ”²ğ”¢ğ”¯ğ”¯ğ”¢ğ”¯ğ”¬ğ”°î¨€ fiscaliacorrupta elcarteldeernestina querenuncienlosdirigentes unidoslopodemoslogar yocontaboada yosilecreoataboada ligadeguerreros,2,0,2
38,ernesto guerra Ãºltimalegislativa ernestoguerra Â· jun Ãºltimominuto si acuerdo amlo â€˜ corcholatas â€™ renunciar despuÃ©s domingo consejo morena fijaran reglas fechas mÃ©todo selecciÃ³n entonces marcelo ebrard adelantÃ³ mediÃ¡ticamente renuncia puntos spacelegislativo mil mostrar hilo,2,2,2
39,rogelio villarreal villarreal Â· jun Â¡pronto luchas estiÃ©rcol corcholatas presidenciales gran chiquero morena Â¡no pierdas,2,0,1
40,rahulk î¨€ rahulkmex Â· jun mayo ine ordenÃ³ morena frenar promociÃ³n anticipada candidatos incluidas corcholatas buscan relevar lÃ³pez obrador retirar propaganda pedir simpatizantes realicen actos promociÃ³n afecten equidad electoral,2,0,2
41,grupo fÃ³rmula radioformula Â· jun dirigente morena mariodelgado dice renuncia marcelo ebrard llevarÃ¡ dejen cargos corcholatas garantizar equidad elecciÃ³n candidato candidata partido informa josecardenas radiofÃ³rmulamxâ€¦ mostrar mil,2,2,2
42,excÃ©lsior excelsior Â· h previo cÃ³nclave cÃºpula morena domingo presidente lopezobrador llamÃ³ definido corcholatas cerrar filas dividir movimiento excelsiorcommx divisiÃ³n exhorto corcholatas vez aprobadas reglas contienda aspirantes candidatura presidencial morena recorrerÃ¡n paÃ­s tres meses busca apoyos,2,1,1
43,nerilicÃ³n nerilicon Â· jun destapÃ¡ndose eleconomista marceloebrard sre corcholatas renuncia elecciones morena cuartatransformaciÃ³n,2,2,1
44,polÃ­tico mx politicomx Â· jun va mÃ©xico cierra puertas corcholatas morena vaya ocurrir presidente lopzobrador fingir pleito alguna corcholatas ninguna candidata markocortes advirtiÃ³ alianza recibirÃ¡ ningÃºn polÃ­tico t mil,1,0,1
45,antonio velÃ¡zquez antonio Â· jun buenos dÃ­as pregunta corcholatas morena ninguno quiere renunciar piden licencia miedo seguir recibiendo pago trabajar quieren chingar dos lados cÃ³mo siempre twisterpolitico morenadestruyendoamexico,2,1,1
46,jannet lÃ³pez ponce jannetlp Â· min morena define rumbo hoy unidad garantizada mÃ©todo consensuado corcholatas prevÃ©n candados condiciones renuncias cartas compromiso aceptar resultados prohibir ingreso celulares mileniocom morena va renuncias inmediatas carta compromiso analizan prohibir celulares reuniÃ³n puerta cerrada corcholatas posicionamientos pÃºblicos junto lÃ­deres partido,2,0,1
47,enea salgado eneasalgado Â· jun chinga metiÃ³ alianza morena coahuila puntos ventaja ricardo mejÃ­a sale victorioso frente guadiana apoyo corcholatas partido oficial saboteÃ³ final gran derrota amlo achichincle mariodelgado celebro,2,2,2
48,callejero noticias callejeropue Â· h nacional dÃ­a fecha importante partidomorenamx consejo nacional establecerÃ¡ reglas pasar corcholata candidata candidato rumbo presidenciales menos asÃ­ panorama callejeromx consejo nacional morena hoy decide requisitos corcholatas callejero domingo consejo nacional morena conformado miembros incluyendo gobernadores gobernadoras llevarÃ¡ cabo votaciÃ³n establecer requisitos aspirantes,2,0,2
49,ana j villagrÃ¡n anajvillagran Â· h lÃ©anme lasillarota opinionlsr morena actos anticipados solo trae cabeza corcholatas pondrÃ¡ cabeza gobcdmx opiniÃ³n silla rota opinionlsr Â· h invitamos leer columna ana villagrÃ¡n claudia renuncia anajvillagran opiniÃ³nlsr httpbitlyotkybw,2,0,2
50,forbes mÃ©xico forbesmexico Â· jun Ãºltimahora tras ganar mÃ©xico amlo encerrona â€˜ corcholatas â€™ gobernadores morena httpbitlycdaeap gif mil mostrar hilo,2,0,2
51,ricardo alemÃ¡n ricardoalemanmx Â· jun monreal afirmÃ³ ninguna corcholatas buscarÃ­a sumarse va mÃ©xico tras ser rechazadas morena laotraopinioncommx â€œ ninguna corcholata sano juicio sumarÃ­a oposiciÃ³n â€ monreal opiniÃ³n â€œ ninguna corcholata sano juicio sumarÃ­a oposiciÃ³n â€ asÃ­ contestÃ³ senador morena ricardo monreal alito,1,0,1
52,marco antonio olvera marcoaolvera Â· jun sostiene adÃ¡n augusto lÃ³pez deseo continuar obra transformadora amlo adanaugusto lopezobrador jesusrcuevas chiapas sureste corcholatas morena nota httpshidalgonewsmxsostieneadanaugustolopezdeseoporcontinuarobratransformadoradeamloâ€¦,2,0,2
53,ejecentral ejecentral Â· h ejedeportes presidente lopezobrador llamÃ³ unidad interior morena recordÃ³ corcholatas trata lucha conseguir cargos pÃºblicos httpbitlywshyet,2,0,2
54,momento t almomentot Â· jun Â· partido morena definirÃ¡ requisitos â€œ corcholatas â€ domingo informÃ³ dirigente mariodelgado,2,2,2
55,adriana pÃ©rez adrix Â· jun imagennoticias cirogomezl parece noticiero exclusivo morena corcholatas vaya manera promoviendo instalaciÃ³n maximato personajillos genocidas corruptos,1,0,1
56,lalista lalistanews Â· h coordinador senadores partidomorenamx ricardomonreala dio conocer si consejo nacional partido aprueba lineamientos contienda interna funcionarios dejar apoyar â€œ corcholata â€ favorita lalistacom lineamientos morena nadie podrÃ¡ apoyar corcholatas monreal ricardo monreal dio conocer si consejo nacional morena aprueba lineamientos podrÃ¡n haber expresiones apoyo,2,2,2
57,adela micha adelamicha Â· jun si morena establece requisito encuesta renunciar cargo balance gestiÃ³n mebrard claudiashein adanaugusto ricardomonreala convertirÃ¡ mejor carta presentaciÃ³n condena youtubecom ebrard mete presiÃ³n corcholatas editorial adela micha adelamicha amlo ebrard corcholatas sheinbaum marcelo ebrard fecha renuncia cancillerÃ­a pone resto corcholatas esc,2,2,2
58,sinlÃ­neamx sinlineamx Â· jun ayer ve movimiento generalizado redes sociales posturas polÃ­ticas comienzan definirse favor tres â€œ corcholatas â€ morena aspiran candidatura partido malthusgamba sinlineamxcom Â¡santa simplicidad comparte artÃ­culola frase jan hus expresada cuerpo comenzaba padecer dolores martirio hoguera utilizada calificar acciones realizan manera,2,0,2
59,felipe Ã¡ngel fierro p fafierrop Â· jun fuerahernÃ¡ndez lajornada lajornada monerohernandez estampida corcholatas elecciones corcholatas partidomorenamx morena redamlo httpsjornadacommxcartonesâ€¦ felipe Ã¡ngel fierro p fafierrop Â· jun ultimahora resuelto solicitar presentar renuncia sremx partir lunes junio propÃ³sito dedicarme lleno alegrÃ­a resoluciÃ³n defender proyecto encabeza presidente lopezobrador marceloebrard mostrar hilo,2,0,2
60,marco salas t salarmarquito Â· jun futuro mÃ©xico morenala carrera presidencial iniciÃ³ ello reglas deben claras alfonso durazo dicho pedirÃ¡ todas corcholatas renuncien cargo propone fecha lÃ­mite Â¿quÃ© opinan,2,2,2
61,marco antonio olvera marcoaolvera Â· jun sheinbaum obras comprometidas cdmx terminadas claudiashein mariodelgado partidomorenamx corcholatas morena nota httpshidalgonewsmxsheinbaumlasobrascomprometidasencdmxseranterminadasâ€¦,2,0,2
62,nacho rodriguez chapucero nachorgz Â· jun bueno ahÃ­ va nuevo consejo importante ahorita arrancÃ³ precampaÃ±a real candidatura morena peleen corcholatas caigan bien si pagan ello agarren broncas gratuitas final arriba pactan yâ€¦ mostrar mil,2,0,1
63,cam bermudez proamlo ayala beautybermudez Â· jun cosas cada vez claras todas corcholatas renunciar cargo puede servir dos amos mismo tiempo morena puede ser excepciÃ³n atentos hable prÃ³ximo domingo partido Â¿quÃ© piensan,2,2,2
64,pedro gerardo lÃ³pez pedrogerardo Â· jun tarde â€œ confesiones â€ adanaugusto secretario segobmx despide chiapas â€œ vamos hacer vuelva hacer sureste mÃ©xico â€ prÃ³xima semana â€œ corcholatas â€ dejarÃ¡n cargos busca candidatura morena presidente,2,0,2
65,mascara magica mascaramagica Â· jun amlo conferencia prensa da nombres corcholatas encuesta ser candidato morenaptverde ebrard sheinbaum adÃ¡n augusto monreal manuel velasco noroÃ±a loroÃ±a dice amlo pronÃ³stico reservado,2,0,2
66,rocÃ­o jimÃ©nez mtz rociojimenez Â· min morena va renuncias inmediatas carta compromiso evitar fractura hacia analizan prohibir celulares reuniÃ³n puerta cerrada corcholatas posicionamientos pÃºblicos junto lÃ­deres partido ampmileniocom morena va renuncias inmediatas carta compromiso analizan prohibir celulares reuniÃ³n puerta cerrada corcholatas posicionamientos pÃºblicos junto lÃ­deres partido,2,0,2
67,troquero politico raulortegamora Â· jun domingo junio reunirÃ¡ consejo morena corcholatas comenzar planificar elecciÃ³n prÃ³ximo candidato presidencia,2,2,2
68,reporteros mx reporterosmx Â· jun Ãºltimahora vÃ­deo amlo sale palacio nacional cenar corcholatas restaurante terraza porrua trasciende acudieron gobernadores gobernadoras morena asÃ­ delfina gÃ³mez Ã¡lvarez mostrar hilo,2,0,2
69,anna pormexico Â· jun Â¿amlo dio espaldarazo ebrard pide â€˜ corcholatas â€™ morena renunciar cargos sabe Ãºnica persona lado podrÃ­a darle pelea candidatos fondo reconoce sabe claudia claudia personalidad elfinancierocommx Â¿amlo dio espaldarazo ebrard pide â€˜ corcholatas â€™ morena renunciar cargos propuesta renunciar cargos pÃºblicos elecciones sido planteada ebrard,2,0,2
70,emeequis emeequis Â· jun ambigÃ¼edad sheinbaum adÃ¡n augusto presidente lÃ³pez obrador afirma si consejo morena aprueba todas corcholatas deben renunciar mxcommx amlo renuncien todas â€œ corcholatas â€ â€¦ si consejo morena aprueba tras anuncio marcelo ebrard renuncia ambigÃ¼edad adÃ¡n augusto claudia sheinbaum amlo dice categÃ³rico â€œ si consejo morena aprueba deben renunciar pues mostrar hilo,2,0,2
71,vocero donvocero Â· jun metido lana espectaculares bardas propaganda sancionada ine elpaiscom morena ordena â€˜ corcholatas â€™ dejar promoverse anuncios giras partido gobierno acata orden ine poner freno campaÃ±a anticipada aspirantes presidenciales afirma acuerdo medida mostrar hilo,2,2,2
72,polÃ­tico mx politicomx Â· jun pmx i â€œ creo equitativo â€ mariodelgado aprobÃ³ anuncio mebrard renuncia iniciar proceso selecciÃ³n candidatura morena elecciones politicomx mario delgado rechazÃ³ amlo ordenado corcholatas reuniÃ³n presentar renuncias dirigente morena dijo renuncia aspirantes harÃ¡ equidad condiciones,2,2,1
73,tonny soprano sopranotonny Â· h â€˜ corcholatas â€™ afrontan primera prueba fuego gran cÃ³nclave morena definirÃ¡ reglas batalla interna â€“ llegan cita decisiva consejo nacional partido focos poder repartidos moviendoideascommx â€˜ corcholatas â€™ afrontan primera prueba fuego gran cÃ³nclave morena definirÃ¡ aspirantes presidenciales llegan cita decisiva consejo nacional partido focos poder repartidos margen imponer requisitos marcados,2,2,2
74,revoluciÃ³n revolucion Â· jun amlo reÃºne corcholatas morena pide respetar resultados encuesta decidirÃ¡ candidato candidata presidencia revoluciontrespuntoceronews amlo anuncia inclinarÃ¡ balanza favor alguna corcholata morena revoluciÃ³n presidente andrÃ©s manuel lÃ³pez obrador revelÃ³ inclinarÃ¡ balanza favor alguna corcholata morena â€œ carajo imposiciÃ³n,2,0,2
75,polÃ­tico mx politicomx Â· jun pmx i lÃ­der senadores morenistas ricardomonreala dijo anuncio mebrard renunciar cargo cancillerÃ­a parte estrategia polÃ­tica afirmÃ³ canciller rompiÃ³ acuerdo cuatro corcholatas politicomx monreal revela ebrard rompiÃ³ acuerdo dejar cargos despuÃ©s consejo nacional morena cena amlo puesto mesa fecha dejar cargos buscar candidatura morena,2,2,2
76,uniradionoticias uniradionoticia Â· jun amlo calla acuerdo corcholatas elegir candidato morena uniradioinformacom amlo calla acuerdo corcholatas elegir candidato morena uniradio informa gira trabajo san luis potosÃ­ presidente evitÃ³ hablar mÃ©todo elecciÃ³n anunciado claudia sheinbaum,2,0,2
77,politicusmx politicusmx Â· jun asÃ­ fuerza corcholatas consejo nacional morena httppoliticusmxvernoticiaphpnâ€¦,2,0,2
78,rÃ­odoce riodocemx Â· h ricardomonreal senador ricardomonreala corcholatas morena afirmÃ³ favoritismo hacia externos segregaciÃ³n militancia cargos pÃºblicos va acabar riodocemx favoritismo va acabar monreal rÃ­odoce ricardo monreal â€œ corcholatas â€ morena afirmÃ³ favoritismo hacia externos segregaciÃ³n militancia cargos pÃºblicos va,2,0,2
79,heraldo mÃ©xico ags heraldomxags Â· h nacional i corcholatas morena llegan unidad definir reglas mÃ©todo elegir candidato heraldomxags heraldodemexicocommx morena pone pasarela decisiva corcholatas amlo corcholatas morena llegan unidad definir reglas mÃ©todo elegir candidato,2,0,2
80,diario imagen diarioimagen Â· jun httpsowlyoeovojogt carrera â€œ corcholatas â€ morena volviÃ³ parejera diario imagen on line,2,1,2
81,sol sinaloa elsoldesinaloa Â· h senador acudiÃ³ evento acompaÃ±ado gobernador rochamoya elsoldesinaloacommx ricardo monreal afirma desventaja corcholatas morena polÃ­tico pidiÃ³ licencia senado competir encuestas internas morena,2,0,2
82,ocho ochenta noticias noticias Â· h cdmx jefa gobierno ciudad mÃ©xico claudia sheinbaum revelÃ³ acuerdo corcholatas cara sesiÃ³n consejo polÃ­tico nacional morena domingo mandataria dio conocer dirigencia httpsnoticiasinfouncategorizedrevelasheinbaumacuerdoconcorcholatasâ€¦,2,0,2
83,economista eleconomista Â· jun proselitismo adelantado morena presidencia mÃ©xico atenta reglas electorales distorsiona equidad contienda eleconomistacommx politÃ³logos ven proselitismo corcholatas afecta equidad hacia politÃ³logos advierten promociÃ³n temprana aspirantes morena presidencia mÃ©xico atenta reglas electorales distorsiona equidad contienda,1,0,1
84,marurojasreportera marurojasreport Â· jun retaguardia carrera â€œ corcholatas â€ morena volviÃ³ parejera latequilerashow juevâ€¦ httpsmarurojasreporteracomlaretaguardiacarreradecorcholatasdemorenasevolvioparejeralatequilerashowjuevesdemascolumnasâ€¦ travÃ©s marurojasreport marurojasreporteracom retaguardia carrera â€œ corcholatas â€ morena volviÃ³ parejera latequilerashow juevesd adriana moreno cordero Â· carrera â€œ corcholatas â€ more,2,1,2
85,enrique estrada enrique Â· jun morena pide corcholatas veracruz calma esperar tiempos â€ ramÃ­rez zepeta httpstribunalibrenoticiascommorenalepidesuscorcholatasenhtmlâ€¦,2,0,2
86,rafaga chihuahua rafagachihuahua Â· jun oficial manuel velasco une â€œ corcholatas â€ morena httpsrafagachihuahuacomyaesoficialmanuelvelascoseunealascorcholatasdemorenaâ€¦ via rafagachihuahua politica nacionales,2,0,2
87,inteligenciamÃ¡s intelimas Â· jun listo reporte semanal elecciones estatales eliminaciÃ³n noms materia salud sucesiÃ³n presidencial reuniÃ³n corcholatas gobernadores morena reforma poder judicial ley mercado valores consÃºltalo httpslinkedincompostsinteligenciamasintmassucesosrelevantesmexicodeactivityvlvoutmsourceshareutmmediummemberiosâ€¦,2,1,2
88,politicaonline politikamex Â· jun presidente consejo nacional morena pedirÃ¡ corcholatas renuncien cargos informemx presidente consejo nacional morena pedirÃ¡ corcholatas renuncien cargos presidente consejo nacional morena alfonso durazo adelantÃ³ sesiÃ³n extraordinaria prÃ³ximo domingo junio propondrÃ¡ â€œ corcholatas â€ denomina aspirantes,2,0,2
89,fausto marquez faustomarq Â· h lucymezagzm propone dirigencia nacional morena firma pacto unidad aspirantes inscriban competir candidatura presidencial lucymeza lucyva morelos vÃ­a guillermocinta guillermocintacom corcholatas deberÃ¡n comprometerse evitar rupturas morena lucy meza guzmÃ¡n crÃ³nica proponerle dirigencia nacional morena firma pacto unidad aspirantes inscriban competir candidatura presidencial senadora lucy meza asegurÃ³,2,1,2
90,horas chiapas horaschiapas Â· jun polÃ­tica domingo arrancarÃ¡ sucesiÃ³n presidencial morena reuniÃ³n principales figuras incluyendo corcholatas gobernadores senadores claudiashein mebrard adanaugusto ricardomonreala fernandeznorona horaschiapasmx pule t plan rumbo horas chiapas domingo arrancarÃ¡ sucesiÃ³n presidencial morena cÃ³nclave principales figuras incluyendo corcholatas gobernadores senadores objetivo definir,2,2,2
91,universal eluniversalmx Â· jun canciller animal polÃ­tico sabÃ­a renuncia pondrÃ­a dirigencia morena presiÃ³n tope pedir â€œ corcholatas â€ renuncien cargos efectivamente piso parejo opiniÃ³n mariomal eluniversalcommx ebrard alborota sucesiÃ³n relevo canciller sabÃ­a renuncia pondrÃ­a dirigencia morena presiÃ³n tope,2,2,2
92,central equilibrio centraleq Â· jun new podcast primera emisiÃ³n junio on spreaker t adrianabraniff aliados centralfm centrallive colmex corcholatas diputados elecciones guadalupeacosta morena oposicion pedroferriz presidencia primarias reynaldoortega spreakercom primera emisiÃ³n junio xÃ³chitl gÃ¡lvez senadora pan comenta resoluciÃ³n juez otorga derecho rÃ©plica maÃ±anera guadalupe acosta naranjo habla pautas seguir sociedad,2,2,2
93,fuego lento noticias afuegolentonews Â· jun opiniÃ³n ruta ebrard fractura morena anuncio anticipado salida sre moviÃ³ agenda morena dirigencia nacional corcholatas provocando enojos reclamos informaciÃ³n afuegolentonoticiascom ruta ebrad fractura morena anuncio anticipado salida sre moviÃ³ agenda morena dirigencia nacional corcholatas provocando enojos reclamos,1,0,2
94,jesÃºs lÃ³pez almejo jjlopezalmejo Â· jun vergÃ¼enza candidato coahuila pintÃ³ escenario puede suceder morena mÃ©xico termine efecto lopezobrador tipo candidatos corcholatas pudieron hacer compitiera decentemente deben evitarse adelante aviso polemista t polemistat Â· jun lamentable armando guadiana reconoce denunciÃ³ campaÃ±a corrupciÃ³n manolo jimÃ©nez pri amigo familia ademÃ¡s dice volverÃ¡ pronto senado va vacaciones espaÃ±a ver corridas toros coahuila mil,2,0,1
95,vivo noticias vivonoticiasmx Â· h acuerdo corcholatas adelanta sheinbaum domingo realizarÃ¡ consejo polÃ­tico nacional morena presentes aspirantes presidencia mÃ©xico httpsvivonoticiasmxnotasnotaphpidnâ€¦,2,0,2
96,elobservadordiario observadortij Â· h califica ebrard actitud gobernadoras gobernadores producto malaherencia pri informaciÃ³n httpsobservadordiariocomtgo corcholatasmorenacargadaoficial consejonacionallopezobrador observadordiariocom marcelo ebrard lamentÃ³ cargada oficial favor sheinbaum Â» observador diario tijuana marcelo ebrard lamentÃ³ calificÃ³ cargada oficial gobernadores favor corcholatas presidenciales claudia sheinbaum,1,0,2
